{
      "kan accuracy_SVC(C=0.1, gamma=0.5)": 0.6737357259380098,
      "kan precision_score_SVC(C=0.1, gamma=0.5)": 0.453919828405217,
      "kan recall_score_SVC(C=0.1, gamma=0.5)": 0.6737357259380098,
      "kan f1_score_SVC(C=0.1, gamma=0.5)": 0.5424032257551619,
      "kan confusion_matrix_SVC(C=0.1, gamma=0.5)": [
            [
                  0,
                  200
            ],
            [
                  0,
                  413
            ]
      ]
}